batter,total_run,ID,innings,overs,ballnumber,bowler,non-striker,extra_type,batsman_run,extras_run,non_boundary,isWicketDelivery,player_out,kind,fielders_involved,BattingTeam
A Badoni,0,47,47,47,47,47,47,0,47,47,47,47,9,9,8,47
A Badoni,1,62,62,62,62,62,62,9,62,62,62,62,0,0,0,62
A Badoni,2,11,11,11,11,11,11,0,11,11,11,11,0,0,0,11
A Badoni,3,1,1,1,1,1,1,1,1,1,1,1,0,0,0,1
A Badoni,4,11,11,11,11,11,11,0,11,11,11,11,0,0,0,11
A Badoni,6,7,7,7,7,7,7,0,7,7,7,7,0,0,0,7
A Manohar,0,26,26,26,26,26,26,0,26,26,26,26,6,6,5,26
A Manohar,1,34,34,34,34,34,34,4,34,34,34,34,0,0,0,34
A Manohar,2,2,2,2,2,2,2,0,2,2,2,2,0,0,0,2
A Manohar,4,14,14,14,14,14,14,0,14,14,14,14,0,0,0,14
A Manohar,6,3,3,3,3,3,3,0,3,3,3,3,0,0,0,3
A Nortje,0,5,5,5,5,5,5,0,5,5,5,5,0,0,0,5
A Nortje,1,2,2,2,2,2,2,1,2,2,2,2,0,0,0,2
A Tomar,0,7,7,7,7,7,7,0,7,7,7,7,1,1,1,7
A Tomar,4,1,1,1,1,1,1,0,1,1,1,1,0,0,0,1
AD Russell,0,81,81,81,81,81,81,0,81,81,81,81,9,9,8,81
AD Russell,1,54,54,54,54,54,54,10,54,54,54,54,0,0,0,54
AD Russell,2,15,15,15,15,15,15,2,15,15,15,15,0,0,0,15
AD Russell,4,17,17,17,17,17,17,0,17,17,17,17,0,0,0,17
AD Russell,5,1,1,1,1,1,1,1,1,1,1,1,0,0,0,1
AD Russell,6,32,32,32,32,32,32,0,32,32,32,32,0,0,0,32
AJ Finch,0,25,25,25,25,25,25,0,25,25,25,25,6,6,4,25
AJ Finch,1,26,26,26,26,26,26,10,26,26,26,26,0,0,0,26
AJ Finch,2,6,6,6,6,6,6,0,6,6,6,6,0,0,0,6
AJ Finch,4,10,10,10,10,10,10,0,10,10,10,10,0,0,0,10
AJ Finch,6,3,3,3,3,3,3,0,3,3,3,3,0,0,0,3
AK Markram,0,78,78,78,78,78,78,0,78,78,78,78,8,8,7,78
AK Markram,1,139,139,139,139,139,139,4,139,139,139,139,0,0,0,139
AK Markram,2,16,16,16,16,16,16,0,16,16,16,16,0,0,0,16
AK Markram,4,25,25,25,25,25,25,0,25,25,25,25,0,0,0,25
AK Markram,6,19,19,19,19,19,19,0,19,19,19,19,0,0,0,19
AM Rahane,0,58,58,58,58,58,58,0,58,58,58,58,7,7,6,58
AM Rahane,1,50,50,50,50,50,50,7,50,50,50,50,0,0,0,50
AM Rahane,2,5,5,5,5,5,5,0,5,5,5,5,0,0,0,5
AM Rahane,4,14,14,14,14,14,14,0,14,14,14,14,0,0,0,14
AM Rahane,6,4,4,4,4,4,4,0,4,4,4,4,0,0,0,4
AR Patel,0,35,35,35,35,35,35,0,35,35,35,35,3,3,1,35
AR Patel,1,51,51,51,51,51,51,5,51,51,51,51,0,0,0,51
AR Patel,2,14,14,14,14,14,14,0,14,14,14,14,0,0,0,14
AR Patel,4,12,12,12,12,12,12,0,12,12,12,12,0,0,0,12
AR Patel,6,10,10,10,10,10,10,0,10,10,10,10,0,0,0,10
AS Joseph,0,2,2,2,2,2,2,0,2,2,2,2,1,1,1,2
AS Joseph,1,5,5,5,5,5,5,0,5,5,5,5,0,0,0,5
AS Roy,0,2,2,2,2,2,2,0,2,2,2,2,1,1,1,2
AT Rayudu,0,100,100,100,100,100,100,0,100,100,100,100,10,10,7,100
AT Rayudu,1,85,85,85,85,85,85,8,85,85,85,85,0,0,0,85
AT Rayudu,2,4,4,4,4,4,4,1,4,4,4,4,0,0,0,4
AT Rayudu,4,26,26,26,26,26,26,1,26,26,26,26,0,0,0,26
AT Rayudu,6,15,15,15,15,15,15,0,15,15,15,15,0,0,0,15
Abdul Samad,0,3,3,3,3,3,3,0,3,3,3,3,2,2,2,3
Abdul Samad,1,4,4,4,4,4,4,0,4,4,4,4,0,0,0,4
Abhishek Sharma,0,125,125,125,125,125,125,0,125,125,125,125,15,15,12,125
Abhishek Sharma,1,114,114,114,114,114,114,6,114,114,114,114,0,0,0,114
Abhishek Sharma,2,25,25,25,25,25,25,1,25,25,25,25,0,0,0,25
Abhishek Sharma,3,1,1,1,1,1,1,0,1,1,1,1,0,0,0,1
Abhishek Sharma,4,48,48,48,48,48,48,1,48,48,48,48,0,0,0,48
Abhishek Sharma,5,3,3,3,3,3,3,3,3,3,3,3,0,0,0,3
Abhishek Sharma,6,13,13,13,13,13,13,0,13,13,13,13,0,0,0,13
Akash Deep,0,2,2,2,2,2,2,0,2,2,2,2,1,1,1,2
Aman Hakim Khan,0,1,1,1,1,1,1,0,1,1,1,1,1,1,0,1
Aman Hakim Khan,1,1,1,1,1,1,1,0,1,1,1,1,0,0,0,1
Aman Hakim Khan,4,1,1,1,1,1,1,0,1,1,1,1,0,0,0,1
Anmolpreet Singh,0,5,5,5,5,5,5,0,5,5,5,5,2,2,2,5
Anmolpreet Singh,1,5,5,5,5,5,5,0,5,5,5,5,0,0,0,5
Anmolpreet Singh,2,2,2,2,2,2,2,0,2,2,2,2,0,0,0,2
Anmolpreet Singh,4,1,1,1,1,1,1,0,1,1,1,1,0,0,0,1
Anuj Rawat,0,55,55,55,55,55,55,0,55,55,55,55,7,7,4,55
Anuj Rawat,1,44,44,44,44,44,44,8,44,44,44,44,0,0,0,44
Anuj Rawat,2,5,5,5,5,5,5,1,5,5,5,5,0,0,0,5
Anuj Rawat,3,1,1,1,1,1,1,0,1,1,1,1,0,0,0,1
Anuj Rawat,4,11,11,11,11,11,11,1,11,11,11,11,0,0,0,11
Anuj Rawat,6,7,7,7,7,7,7,0,7,7,7,7,0,0,0,7
Arshdeep Singh,0,20,20,20,20,20,20,0,20,20,20,20,3,3,3,20
Arshdeep Singh,1,5,5,5,5,5,5,1,5,5,5,5,0,0,0,5
Arshdeep Singh,2,1,1,1,1,1,1,0,1,1,1,1,0,0,0,1
Arshdeep Singh,3,1,1,1,1,1,1,0,1,1,1,1,0,0,0,1
Arshdeep Singh,4,3,3,3,3,3,3,0,3,3,3,3,0,0,0,3
Avesh Khan,0,6,6,6,6,6,6,0,6,6,6,6,1,1,1,6
Avesh Khan,1,4,4,4,4,4,4,0,4,4,4,4,0,0,0,4
Avesh Khan,6,3,3,3,3,3,3,0,3,3,3,3,0,0,0,3
B Indrajith,0,17,17,17,17,17,17,0,17,17,17,17,3,3,3,17
B Indrajith,1,10,10,10,10,10,10,1,10,10,10,10,0,0,0,10
B Indrajith,2,2,2,2,2,2,2,0,2,2,2,2,0,0,0,2
B Indrajith,4,2,2,2,2,2,2,0,2,2,2,2,0,0,0,2
B Kumar,0,10,10,10,10,10,10,0,10,10,10,10,2,2,2,10
B Kumar,1,15,15,15,15,15,15,3,15,15,15,15,0,0,0,15
B Kumar,4,3,3,3,3,3,3,0,3,3,3,3,0,0,0,3
B Sai Sudharsan,0,32,32,32,32,32,32,0,32,32,32,32,4,4,3,32
B Sai Sudharsan,1,60,60,60,60,60,60,7,60,60,60,60,0,0,0,60
B Sai Sudharsan,2,9,9,9,9,9,9,0,9,9,9,9,0,0,0,9
B Sai Sudharsan,4,13,13,13,13,13,13,0,13,13,13,13,0,0,0,13
B Sai Sudharsan,5,1,1,1,1,1,1,1,1,1,1,1,0,0,0,1
B Sai Sudharsan,6,3,3,3,3,3,3,0,3,3,3,3,0,0,0,3
CJ Jordan,0,2,2,2,2,2,2,0,2,2,2,2,1,1,1,2
CJ Jordan,1,2,2,2,2,2,2,1,2,2,2,2,0,0,0,2
CJ Jordan,2,5,5,5,5,5,5,0,5,5,5,5,0,0,0,5
CV Varun,0,12,12,12,12,12,12,0,12,12,12,12,0,0,0,12
CV Varun,1,4,4,4,4,4,4,0,4,4,4,4,0,0,0,4
CV Varun,4,2,2,2,2,2,2,0,2,2,2,2,0,0,0,2
D Brevis,0,52,52,52,52,52,52,0,52,52,52,52,7,7,5,52
D Brevis,1,35,35,35,35,35,35,2,35,35,35,35,0,0,0,35
D Brevis,2,3,3,3,3,3,3,0,3,3,3,3,0,0,0,3
D Brevis,4,14,14,14,14,14,14,0,14,14,14,14,0,0,0,14
D Brevis,5,1,1,1,1,1,1,1,1,1,1,1,0,0,0,1
D Brevis,6,11,11,11,11,11,11,0,11,11,11,11,0,0,0,11
D Padikkal,0,128,128,128,128,128,128,0,128,128,128,128,17,17,10,128
D Padikkal,1,120,120,120,120,120,120,17,120,120,120,120,0,0,0,120
D Padikkal,2,14,14,14,14,14,14,2,14,14,14,14,0,0,0,14
D Padikkal,4,41,41,41,41,41,41,0,41,41,41,41,0,0,0,41
D Padikkal,6,14,14,14,14,14,14,0,14,14,14,14,0,0,0,14
D Pretorius,0,10,10,10,10,10,10,0,10,10,10,10,4,4,2,10
D Pretorius,1,10,10,10,10,10,10,0,10,10,10,10,0,0,0,10
D Pretorius,2,2,2,2,2,2,2,0,2,2,2,2,0,0,0,2
D Pretorius,4,3,3,3,3,3,3,0,3,3,3,3,0,0,0,3
D Pretorius,6,3,3,3,3,3,3,0,3,3,3,3,0,0,0,3
DA Miller,0,88,88,88,88,88,88,0,88,88,88,88,9,9,7,88
DA Miller,1,176,176,176,176,176,176,17,176,176,176,176,0,0,0,176
DA Miller,2,29,29,29,29,29,29,1,29,29,29,29,0,0,0,29
DA Miller,4,32,32,32,32,32,32,0,32,32,32,32,0,0,0,32
DA Miller,6,23,23,23,23,23,23,0,23,23,23,23,0,0,0,23
DA Warner,0,96,96,96,96,96,96,0,96,96,96,96,9,9,7,96
DA Warner,1,123,123,123,123,123,123,19,123,123,123,123,0,0,0,123
DA Warner,2,9,9,9,9,9,9,0,9,9,9,9,0,0,0,9
DA Warner,3,4,4,4,4,4,4,0,4,4,4,4,0,0,0,4
DA Warner,4,52,52,52,52,52,52,0,52,52,52,52,0,0,0,52
DA Warner,5,2,2,2,2,2,2,2,2,2,2,2,0,0,0,2
DA Warner,6,15,15,15,15,15,15,0,15,15,15,15,0,0,0,15
DJ Bravo,0,9,9,9,9,9,9,0,9,9,9,9,2,2,1,9
DJ Bravo,1,14,14,14,14,14,14,1,14,14,14,14,0,0,0,14
DJ Bravo,4,1,1,1,1,1,1,0,1,1,1,1,0,0,0,1
DJ Bravo,5,1,1,1,1,1,1,1,1,1,1,1,0,0,0,1
DJ Bravo,6,1,1,1,1,1,1,0,1,1,1,1,0,0,0,1
DJ Hooda,0,98,98,98,98,98,98,0,98,98,98,98,13,13,9,98
DJ Hooda,1,160,160,160,160,160,160,14,160,160,160,160,1,1,1,160
DJ Hooda,2,26,26,26,26,26,26,1,26,26,26,26,0,0,0,26
DJ Hooda,3,1,1,1,1,1,1,0,1,1,1,1,0,0,0,1
DJ Hooda,4,37,37,37,37,37,37,1,37,37,37,37,0,0,0,37
DJ Hooda,6,18,18,18,18,18,18,0,18,18,18,18,0,0,0,18
DJ Mitchell,0,16,16,16,16,16,16,0,16,16,16,16,2,2,2,16
DJ Mitchell,1,27,27,27,27,27,27,2,27,27,27,27,0,0,0,27
DJ Mitchell,2,2,2,2,2,2,2,0,2,2,2,2,0,0,0,2
DJ Mitchell,4,1,1,1,1,1,1,0,1,1,1,1,0,0,0,1
DJ Willey,0,21,21,21,21,21,21,0,21,21,21,21,3,3,2,21
DJ Willey,1,6,6,6,6,6,6,2,6,6,6,6,0,0,0,6
DJ Willey,2,1,1,1,1,1,1,0,1,1,1,1,0,0,0,1
DJ Willey,4,3,3,3,3,3,3,0,3,3,3,3,0,0,0,3
DJ Willey,5,1,1,1,1,1,1,1,1,1,1,1,0,0,0,1
DP Conway,0,52,52,52,52,52,52,0,52,52,52,52,6,6,4,52
DP Conway,1,81,81,81,81,81,81,8,81,81,81,81,0,0,0,81
DP Conway,2,7,7,7,7,7,7,1,7,7,7,7,0,0,0,7
DP Conway,3,1,1,1,1,1,1,0,1,1,1,1,0,0,0,1
DP Conway,4,23,23,23,23,23,23,0,23,23,23,23,0,0,0,23
DP Conway,6,12,12,12,12,12,12,0,12,12,12,12,0,0,0,12
DR Sams,0,18,18,18,18,18,18,0,18,18,18,18,8,8,6,18
DR Sams,1,16,16,16,16,16,16,4,16,16,16,16,0,0,0,16
DR Sams,2,2,2,2,2,2,2,0,2,2,2,2,0,0,0,2
DR Sams,4,1,1,1,1,1,1,0,1,1,1,1,0,0,0,1
DR Sams,6,3,3,3,3,3,3,0,3,3,3,3,0,0,0,3
E Lewis,0,22,22,22,22,22,22,0,22,22,22,22,3,3,2,22
E Lewis,1,23,23,23,23,23,23,6,23,23,23,23,0,0,0,23
E Lewis,2,4,4,4,4,4,4,1,4,4,4,4,0,0,0,4
E Lewis,4,8,8,8,8,8,8,0,8,8,8,8,0,0,0,8
E Lewis,6,3,3,3,3,3,3,0,3,3,3,3,0,0,0,3
F du Plessis,0,139,139,139,139,139,139,0,139,139,139,139,16,16,15,139
F du Plessis,1,141,141,141,141,141,141,12,141,141,141,141,0,0,0,141
F du Plessis,2,30,30,30,30,30,30,2,30,30,30,30,0,0,0,30
F du Plessis,3,3,3,3,3,3,3,0,3,3,3,3,0,0,0,3
F du Plessis,4,50,50,50,50,50,50,1,50,50,50,50,0,0,0,50
F du Plessis,5,1,1,1,1,1,1,1,1,1,1,1,0,0,0,1
F du Plessis,6,13,13,13,13,13,13,0,13,13,13,13,0,0,0,13
FA Allen,0,3,3,3,3,3,3,0,3,3,3,3,1,1,1,3
FA Allen,1,2,2,2,2,2,2,0,2,2,2,2,0,0,0,2
FA Allen,2,1,1,1,1,1,1,0,1,1,1,1,0,0,0,1
FA Allen,4,1,1,1,1,1,1,0,1,1,1,1,0,0,0,1
Fazalhaq Farooqi,0,6,6,6,6,6,6,0,6,6,6,6,0,0,0,6
Fazalhaq Farooqi,1,2,2,2,2,2,2,0,2,2,2,2,0,0,0,2
GJ Maxwell,0,56,56,56,56,56,56,0,56,56,56,56,10,10,9,56
GJ Maxwell,1,66,66,66,66,66,66,9,66,66,66,66,0,0,0,66
GJ Maxwell,2,13,13,13,13,13,13,1,13,13,13,13,0,0,0,13
GJ Maxwell,3,2,2,2,2,2,2,0,2,2,2,2,0,0,0,2
GJ Maxwell,4,32,32,32,32,32,32,1,32,32,32,32,0,0,0,32
GJ Maxwell,6,15,15,15,15,15,15,0,15,15,15,15,0,0,0,15
HE van der Dussen,0,9,9,9,9,9,9,0,9,9,9,9,2,2,1,9
HE van der Dussen,1,11,11,11,11,11,11,3,11,11,11,11,0,0,0,11
HE van der Dussen,2,3,3,3,3,3,3,0,3,3,3,3,0,0,0,3
HE van der Dussen,4,2,2,2,2,2,2,0,2,2,2,2,0,0,0,2
HH Pandya,0,115,115,115,115,115,115,0,115,115,115,115,10,10,10,115
HH Pandya,1,182,182,182,182,182,182,19,182,182,182,182,0,0,0,182
HH Pandya,2,27,27,27,27,27,27,1,27,27,27,27,0,0,0,27
HH Pandya,3,1,1,1,1,1,1,0,1,1,1,1,0,0,0,1
HH Pandya,4,49,49,49,49,49,49,0,49,49,49,49,0,0,0,49
HH Pandya,5,1,1,1,1,1,1,1,1,1,1,1,0,0,0,1
HH Pandya,6,12,12,12,12,12,12,0,12,12,12,12,0,0,0,12
HR Shokeen,0,24,24,24,24,24,24,0,24,24,24,24,2,2,1,24
HR Shokeen,1,14,14,14,14,14,14,1,14,14,14,14,0,0,0,14
HR Shokeen,2,5,5,5,5,5,5,0,5,5,5,5,0,0,0,5
HR Shokeen,4,5,5,5,5,5,5,0,5,5,5,5,0,0,0,5
HV Patel,0,19,19,19,19,19,19,0,19,19,19,19,4,4,2,19
HV Patel,1,16,16,16,16,16,16,3,16,16,16,16,0,0,0,16
HV Patel,2,1,1,1,1,1,1,0,1,1,1,1,0,0,0,1
HV Patel,4,4,4,4,4,4,4,0,4,4,4,4,0,0,0,4
HV Patel,6,2,2,2,2,2,2,0,2,2,2,2,0,0,0,2
Harpreet Brar,0,16,16,16,16,16,16,0,16,16,16,16,3,3,1,16
Harpreet Brar,1,6,6,6,6,6,6,0,6,6,6,6,0,0,0,6
Harpreet Brar,4,1,1,1,1,1,1,0,1,1,1,1,0,0,0,1
Harpreet Brar,6,2,2,2,2,2,2,0,2,2,2,2,0,0,0,2
Harshit Rana,0,1,1,1,1,1,1,0,1,1,1,1,0,0,0,1
Harshit Rana,2,1,1,1,1,1,1,0,1,1,1,1,1,1,1,1
Ishan Kishan,0,136,136,136,136,136,136,0,136,136,136,136,13,13,11,136
Ishan Kishan,1,141,141,141,141,141,141,8,141,141,141,141,0,0,0,141
Ishan Kishan,2,19,19,19,19,19,19,1,19,19,19,19,0,0,0,19
Ishan Kishan,3,1,1,1,1,1,1,0,1,1,1,1,0,0,0,1
Ishan Kishan,4,45,45,45,45,45,45,1,45,45,45,45,0,0,0,45
Ishan Kishan,5,2,2,2,2,2,2,2,2,2,2,2,0,0,0,2
Ishan Kishan,6,11,11,11,11,11,11,0,11,11,11,11,0,0,0,11
J Suchith,0,5,5,5,5,5,5,0,5,5,5,5,2,2,2,5
J Suchith,1,3,3,3,3,3,3,1,3,3,3,3,0,0,0,3
JC Buttler,0,224,224,224,224,224,224,0,224,224,224,224,14,14,10,224
JC Buttler,1,204,204,204,204,204,204,21,204,204,204,204,0,0,0,204
JC Buttler,2,36,36,36,36,36,36,3,36,36,36,36,1,1,1,36
JC Buttler,3,2,2,2,2,2,2,0,2,2,2,2,0,0,0,2
JC Buttler,4,83,83,83,83,83,83,0,83,83,83,83,0,0,0,83
JC Buttler,5,2,2,2,2,2,2,2,2,2,2,2,0,0,0,2
JC Buttler,6,45,45,45,45,45,45,0,45,45,45,45,0,0,0,45
JD Unadkat,0,12,12,12,12,12,12,0,12,12,12,12,1,1,1,12
JD Unadkat,1,9,9,9,9,9,9,0,9,9,9,9,0,0,0,9
JD Unadkat,2,8,8,8,8,8,8,0,8,8,8,8,0,0,0,8
JD Unadkat,4,5,5,5,5,5,5,1,5,5,5,5,0,0,0,5
JD Unadkat,6,3,3,3,3,3,3,0,3,3,3,3,0,0,0,3
JDS Neesham,0,7,7,7,7,7,7,0,7,7,7,7,1,1,0,7
JDS Neesham,1,15,15,15,15,15,15,0,15,15,15,15,0,0,0,15
JDS Neesham,2,2,2,2,2,2,2,0,2,2,2,2,0,0,0,2
JDS Neesham,4,3,3,3,3,3,3,0,3,3,3,3,0,0,0,3
JJ Bumrah,0,8,8,8,8,8,8,0,8,8,8,8,1,1,1,8
JJ Bumrah,1,1,1,1,1,1,1,1,1,1,1,1,0,0,0,1
JM Bairstow,0,70,70,70,70,70,70,0,70,70,70,70,10,10,6,70
JM Bairstow,1,61,61,61,61,61,61,9,61,61,61,61,1,1,1,61
JM Bairstow,2,6,6,6,6,6,6,1,6,6,6,6,0,0,0,6
JM Bairstow,4,34,34,34,34,34,34,0,34,34,34,34,0,0,0,34
JM Bairstow,6,9,9,9,9,9,9,0,9,9,9,9,0,0,0,9
JM Sharma,0,48,48,48,48,48,48,0,48,48,48,48,8,8,4,48
JM Sharma,1,54,54,54,54,54,54,5,54,54,54,54,0,0,0,54
JM Sharma,2,12,12,12,12,12,12,1,12,12,12,12,0,0,0,12
JM Sharma,3,1,1,1,1,1,1,0,1,1,1,1,0,0,0,1
JM Sharma,4,22,22,22,22,22,22,0,22,22,22,22,0,0,0,22
JM Sharma,6,12,12,12,12,12,12,0,12,12,12,12,0,0,0,12
JO Holder,0,22,22,22,22,22,22,0,22,22,22,22,6,6,5,22
JO Holder,1,16,16,16,16,16,16,2,16,16,16,16,0,0,0,16
JO Holder,4,2,2,2,2,2,2,0,2,2,2,2,0,0,0,2
JO Holder,6,6,6,6,6,6,6,0,6,6,6,6,0,0,0,6
JR Hazlewood,0,12,12,12,12,12,12,0,12,12,12,12,0,0,0,12
JR Hazlewood,1,13,13,13,13,13,13,1,13,13,13,13,0,0,0,13
JR Hazlewood,2,1,1,1,1,1,1,0,1,1,1,1,0,0,0,1
JR Hazlewood,4,1,1,1,1,1,1,0,1,1,1,1,0,0,0,1
K Gowtham,0,1,1,1,1,1,1,0,1,1,1,1,1,1,0,1
K Gowtham,1,1,1,1,1,1,1,1,1,1,1,1,0,0,0,1
K Kartikeya,0,2,2,2,2,2,2,0,2,2,2,2,0,0,0,2
K Kartikeya,1,4,4,4,4,4,4,1,4,4,4,4,1,1,1,4
K Rabada,0,20,20,20,20,20,20,0,20,20,20,20,4,4,3,20
K Rabada,1,18,18,18,18,18,18,6,18,18,18,18,0,0,0,18
K Rabada,2,2,2,2,2,2,2,0,2,2,2,2,0,0,0,2
K Rabada,4,5,5,5,5,5,5,0,5,5,5,5,0,0,0,5
K Rabada,6,2,2,2,2,2,2,0,2,2,2,2,0,0,0,2
KA Pollard,0,57,57,57,57,57,57,0,57,57,57,57,8,8,6,57
KA Pollard,1,64,64,64,64,64,64,18,64,64,64,64,4,4,4,64
KA Pollard,2,10,10,10,10,10,10,0,10,10,10,10,0,0,0,10
KA Pollard,4,6,6,6,6,6,6,0,6,6,6,6,0,0,0,6
KA Pollard,6,9,9,9,9,9,9,0,9,9,9,9,0,0,0,9
KD Karthik,0,51,51,51,51,51,51,0,51,51,51,51,6,6,6,51
KD Karthik,1,74,74,74,74,74,74,9,74,74,74,74,0,0,0,74
KD Karthik,2,13,13,13,13,13,13,1,13,13,13,13,0,0,0,13
KD Karthik,4,26,26,26,26,26,26,0,26,26,26,26,0,0,0,26
KD Karthik,5,2,2,2,2,2,2,2,2,2,2,2,0,0,0,2
KD Karthik,6,22,22,22,22,22,22,0,22,22,22,22,0,0,0,22
KH Pandya,0,47,47,47,47,47,47,0,47,47,47,47,9,9,6,47
KH Pandya,1,64,64,64,64,64,64,9,64,64,64,64,1,1,1,64
KH Pandya,2,17,17,17,17,17,17,0,17,17,17,17,0,0,0,17
KH Pandya,3,2,2,2,2,2,2,0,2,2,2,2,0,0,0,2
KH Pandya,4,16,16,16,16,16,16,0,16,16,16,16,0,0,0,16
KH Pandya,6,4,4,4,4,4,4,0,4,4,4,4,0,0,0,4
KK Ahmed,0,2,2,2,2,2,2,0,2,2,2,2,2,2,1,2
KK Nair,0,4,4,4,4,4,4,0,4,4,4,4,2,2,2,4
KK Nair,1,13,13,13,13,13,13,1,13,13,13,13,0,0,0,13
KK Nair,4,1,1,1,1,1,1,0,1,1,1,1,0,0,0,1
KL Rahul,0,144,144,144,144,144,144,0,144,144,144,144,11,11,9,144
KL Rahul,1,221,221,221,221,221,221,19,221,221,221,221,0,0,0,221
KL Rahul,2,28,28,28,28,28,28,3,28,28,28,28,0,0,0,28
KL Rahul,3,1,1,1,1,1,1,0,1,1,1,1,0,0,0,1
KL Rahul,4,47,47,47,47,47,47,2,47,47,47,47,0,0,0,47
KL Rahul,5,1,1,1,1,1,1,1,1,1,1,1,0,0,0,1
KL Rahul,6,30,30,30,30,30,30,0,30,30,30,30,0,0,0,30
KR Sen,0,3,3,3,3,3,3,0,3,3,3,3,0,0,0,3
KS Bharat,0,5,5,5,5,5,5,0,5,5,5,5,2,2,2,5
KS Bharat,4,2,2,2,2,2,2,0,2,2,2,2,0,0,0,2
KS Sharma,0,3,3,3,3,3,3,0,3,3,3,3,1,1,1,3
KS Sharma,4,1,1,1,1,1,1,0,1,1,1,1,0,0,0,1
KS Williamson,0,108,108,108,108,108,108,0,108,108,108,108,10,10,6,108
KS Williamson,1,94,94,94,94,94,94,6,94,94,94,94,0,0,0,94
KS Williamson,2,8,8,8,8,8,8,0,8,8,8,8,0,0,0,8
KS Williamson,4,16,16,16,16,16,16,0,16,16,16,16,0,0,0,16
KS Williamson,5,1,1,1,1,1,1,1,1,1,1,1,0,0,0,1
KS Williamson,6,8,8,8,8,8,8,0,8,8,8,8,0,0,0,8
Kartik Tyagi,0,3,3,3,3,3,3,0,3,3,3,3,2,2,1,3
Kartik Tyagi,1,1,1,1,1,1,1,0,1,1,1,1,0,0,0,1
Kartik Tyagi,2,1,1,1,1,1,1,0,1,1,1,1,0,0,0,1
Kartik Tyagi,4,1,1,1,1,1,1,0,1,1,1,1,0,0,0,1
Kuldeep Yadav,0,23,23,23,23,23,23,0,23,23,23,23,1,1,1,23
Kuldeep Yadav,1,24,24,24,24,24,24,4,24,24,24,24,0,0,0,24
Kuldeep Yadav,2,2,2,2,2,2,2,0,2,2,2,2,0,0,0,2
Kuldeep Yadav,4,3,3,3,3,3,3,0,3,3,3,3,0,0,0,3
Kuldeep Yadav,6,2,2,2,2,2,2,0,2,2,2,2,0,0,0,2
LH Ferguson,0,2,2,2,2,2,2,0,2,2,2,2,2,2,2,2
LH Ferguson,1,1,1,1,1,1,1,0,1,1,1,1,0,0,0,1
LH Ferguson,4,1,1,1,1,1,1,0,1,1,1,1,0,0,0,1
LS Livingstone,0,68,68,68,68,68,68,0,68,68,68,68,12,12,10,68
LS Livingstone,1,117,117,117,117,117,117,23,117,117,117,117,0,0,0,117
LS Livingstone,2,11,11,11,11,11,11,3,11,11,11,11,0,0,0,11
LS Livingstone,3,2,2,2,2,2,2,0,2,2,2,2,0,0,0,2
LS Livingstone,4,29,29,29,29,29,29,0,29,29,29,29,0,0,0,29
LS Livingstone,6,34,34,34,34,34,34,0,34,34,34,34,0,0,0,34
Lalit Yadav,0,57,57,57,57,57,57,0,57,57,57,57,6,6,3,57
Lalit Yadav,1,68,68,68,68,68,68,10,68,68,68,68,0,0,0,68
Lalit Yadav,2,7,7,7,7,7,7,0,7,7,7,7,0,0,0,7
Lalit Yadav,3,1,1,1,1,1,1,0,1,1,1,1,0,0,0,1
Lalit Yadav,4,12,12,12,12,12,12,1,12,12,12,12,0,0,0,12
Lalit Yadav,6,6,6,6,6,6,6,0,6,6,6,6,0,0,0,6
Lalit Yadav,7,1,1,1,1,1,1,1,1,1,1,1,0,0,0,1
M Ashwin,0,10,10,10,10,10,10,0,10,10,10,10,2,2,2,10
M Ashwin,1,2,2,2,2,2,2,0,2,2,2,2,0,0,0,2
M Ashwin,4,1,1,1,1,1,1,0,1,1,1,1,0,0,0,1
M Ashwin,6,1,1,1,1,1,1,0,1,1,1,1,0,0,0,1
M Jansen,0,3,3,3,3,3,3,0,3,3,3,3,1,1,1,3
M Jansen,1,3,3,3,3,3,3,0,3,3,3,3,0,0,0,3
M Jansen,6,1,1,1,1,1,1,0,1,1,1,1,0,0,0,1
M Prasidh Krishna,0,6,6,6,6,6,6,0,6,6,6,6,1,1,1,6
M Prasidh Krishna,1,6,6,6,6,6,6,0,6,6,6,6,0,0,0,6
M Shahrukh Khan,0,51,51,51,51,51,51,0,51,51,51,51,7,7,5,51
M Shahrukh Khan,1,50,50,50,50,50,50,11,50,50,50,50,0,0,0,50
M Shahrukh Khan,2,4,4,4,4,4,4,0,4,4,4,4,0,0,0,4
M Shahrukh Khan,4,4,4,4,4,4,4,0,4,4,4,4,0,0,0,4
M Shahrukh Khan,6,9,9,9,9,9,9,0,9,9,9,9,0,0,0,9
M Theekshana,0,4,4,4,4,4,4,0,4,4,4,4,1,1,1,4
M Theekshana,1,1,1,1,1,1,1,0,1,1,1,1,0,0,0,1
M Theekshana,4,1,1,1,1,1,1,1,1,1,1,1,0,0,0,1
M Theekshana,6,1,1,1,1,1,1,0,1,1,1,1,0,0,0,1
M Vohra,0,4,4,4,4,4,4,0,4,4,4,4,1,1,1,4
M Vohra,1,3,3,3,3,3,3,0,3,3,3,3,0,0,0,3
M Vohra,2,1,1,1,1,1,1,1,1,1,1,1,0,0,0,1
M Vohra,4,2,2,2,2,2,2,1,2,2,2,2,0,0,0,2
M Vohra,6,2,2,2,2,2,2,0,2,2,2,2,0,0,0,2
MA Agarwal,0,65,65,65,65,65,65,0,65,65,65,65,12,12,9,65
MA Agarwal,1,62,62,62,62,62,62,10,62,62,62,62,0,0,0,62
MA Agarwal,2,8,8,8,8,8,8,0,8,8,8,8,0,0,0,8
MA Agarwal,4,24,24,24,24,24,24,1,24,24,24,24,0,0,0,24
MA Agarwal,5,2,2,2,2,2,2,2,2,2,2,2,0,0,0,2
MA Agarwal,6,6,6,6,6,6,6,0,6,6,6,6,0,0,0,6
MJ Santner,0,15,15,15,15,15,15,0,15,15,15,15,2,2,1,15
MJ Santner,1,9,9,9,9,9,9,3,9,9,9,9,0,0,0,9
MJ Santner,2,2,2,2,2,2,2,0,2,2,2,2,0,0,0,2
MJ Santner,4,4,4,4,4,4,4,1,4,4,4,4,0,0,0,4
MK Lomror,0,14,14,14,14,14,14,0,14,14,14,14,5,5,5,14
MK Lomror,1,31,31,31,31,31,31,5,31,31,31,31,0,0,0,31
MK Lomror,2,4,4,4,4,4,4,0,4,4,4,4,0,0,0,4
MK Lomror,4,7,7,7,7,7,7,0,7,7,7,7,0,0,0,7
MK Lomror,6,4,4,4,4,4,4,0,4,4,4,4,0,0,0,4
MK Pandey,0,35,35,35,35,35,35,0,35,35,35,35,6,6,4,35
MK Pandey,1,32,32,32,32,32,32,4,32,32,32,32,0,0,0,32
MK Pandey,2,6,6,6,6,6,6,0,6,6,6,6,0,0,0,6
MK Pandey,4,9,9,9,9,9,9,0,9,9,9,9,0,0,0,9
MK Pandey,6,2,2,2,2,2,2,0,2,2,2,2,0,0,0,2
MM Ali,0,68,68,68,68,68,68,0,68,68,68,68,10,10,7,68
MM Ali,1,71,71,71,71,71,71,7,71,71,71,71,0,0,0,71
MM Ali,2,9,9,9,9,9,9,0,9,9,9,9,0,0,0,9
MM Ali,4,24,24,24,24,24,24,0,24,24,24,24,0,0,0,24
MM Ali,6,11,11,11,11,11,11,0,11,11,11,11,0,0,0,11
MP Stoinis,0,38,38,38,38,38,38,0,38,38,38,38,7,7,5,38
MP Stoinis,1,53,53,53,53,53,53,9,53,53,53,53,0,0,0,53
MP Stoinis,2,3,3,3,3,3,3,0,3,3,3,3,0,0,0,3
MP Stoinis,4,8,8,8,8,8,8,1,8,8,8,8,0,0,0,8
MP Stoinis,5,1,1,1,1,1,1,1,1,1,1,1,0,0,0,1
MP Stoinis,6,13,13,13,13,13,13,0,13,13,13,13,0,0,0,13
MR Marsh,0,72,72,72,72,72,72,0,72,72,72,72,7,7,6,72
MR Marsh,1,78,78,78,78,78,78,4,78,78,78,78,0,0,0,78
MR Marsh,2,7,7,7,7,7,7,0,7,7,7,7,0,0,0,7
MR Marsh,3,1,1,1,1,1,1,0,1,1,1,1,0,0,0,1
MR Marsh,4,20,20,20,20,20,20,1,20,20,20,20,0,0,0,20
MR Marsh,6,14,14,14,14,14,14,0,14,14,14,14,0,0,0,14
MS Dhoni,0,80,80,80,80,80,80,0,80,80,80,80,8,8,8,80
MS Dhoni,1,72,72,72,72,72,72,11,72,72,72,72,0,0,0,72
MS Dhoni,2,15,15,15,15,15,15,2,15,15,15,15,0,0,0,15
MS Dhoni,4,21,21,21,21,21,21,0,21,21,21,21,0,0,0,21
MS Dhoni,6,9,9,9,9,9,9,0,9,9,9,9,0,0,0,9
MS Dhoni,7,1,1,1,1,1,1,1,1,1,1,1,0,0,0,1
MS Wade,0,64,64,64,64,64,64,0,64,64,64,64,9,9,6,64
MS Wade,1,43,43,43,43,43,43,6,43,43,43,43,0,0,0,43
MS Wade,2,8,8,8,8,8,8,0,8,8,8,8,0,0,0,8
MS Wade,4,24,24,24,24,24,24,1,24,24,24,24,0,0,0,24
MS Wade,5,4,4,4,4,4,4,4,4,4,4,4,0,0,0,4
MS Wade,6,2,2,2,2,2,2,0,2,2,2,2,0,0,0,2
Mandeep Singh,0,16,16,16,16,16,16,0,16,16,16,16,3,3,3,16
Mandeep Singh,1,4,4,4,4,4,4,2,4,4,4,4,0,0,0,4
Mandeep Singh,4,4,4,4,4,4,4,0,4,4,4,4,0,0,0,4
Mohammed Siraj,0,19,19,19,19,19,19,0,19,19,19,19,2,2,2,19
Mohammed Siraj,1,8,8,8,8,8,8,0,8,8,8,8,0,0,0,8
Mohammed Siraj,2,1,1,1,1,1,1,0,1,1,1,1,0,0,0,1
Mohammed Siraj,4,5,5,5,5,5,5,0,5,5,5,5,0,0,0,5
Mohsin Khan,0,5,5,5,5,5,5,0,5,5,5,5,1,1,1,5
Mohsin Khan,1,10,10,10,10,10,10,3,10,10,10,10,0,0,0,10
Mohsin Khan,2,1,1,1,1,1,1,0,1,1,1,1,0,0,0,1
Mohsin Khan,4,2,2,2,2,2,2,0,2,2,2,2,0,0,0,2
Mohsin Khan,6,1,1,1,1,1,1,0,1,1,1,1,0,0,0,1
Mukesh Choudhary,0,3,3,3,3,3,3,0,3,3,3,3,0,0,0,3
Mukesh Choudhary,1,2,2,2,2,2,2,0,2,2,2,2,0,0,0,2
Mukesh Choudhary,4,1,1,1,1,1,1,0,1,1,1,1,0,0,0,1
Mustafizur Rahman,0,2,2,2,2,2,2,0,2,2,2,2,0,0,0,2
Mustafizur Rahman,1,3,3,3,3,3,3,0,3,3,3,3,0,0,0,3
N Jagadeesan,0,12,12,12,12,12,12,0,12,12,12,12,1,1,1,12
N Jagadeesan,1,23,23,23,23,23,23,3,23,23,23,23,0,0,0,23
N Jagadeesan,2,1,1,1,1,1,1,0,1,1,1,1,0,0,0,1
N Jagadeesan,4,3,3,3,3,3,3,0,3,3,3,3,0,0,0,3
N Jagadeesan,6,1,1,1,1,1,1,0,1,1,1,1,0,0,0,1
N Pooran,0,66,66,66,66,66,66,0,66,66,66,66,8,8,6,66
N Pooran,1,110,110,110,110,110,110,20,110,110,110,110,0,0,0,110
N Pooran,2,13,13,13,13,13,13,0,13,13,13,13,0,0,0,13
N Pooran,4,17,17,17,17,17,17,1,17,17,17,17,0,0,0,17
N Pooran,5,1,1,1,1,1,1,1,1,1,1,1,0,0,0,1
N Pooran,6,21,21,21,21,21,21,0,21,21,21,21,0,0,0,21
N Rana,0,93,93,93,93,93,93,0,93,93,93,93,13,13,11,93
N Rana,1,100,100,100,100,100,100,13,100,100,100,100,0,0,0,100
N Rana,2,12,12,12,12,12,12,2,12,12,12,12,0,0,0,12
N Rana,3,2,2,2,2,2,2,0,2,2,2,2,0,0,0,2
N Rana,4,30,30,30,30,30,30,1,30,30,30,30,0,0,0,30
N Rana,6,21,21,21,21,21,21,0,21,21,21,21,0,0,0,21
N Rana,7,1,1,1,1,1,1,1,1,1,1,1,0,0,0,1
NM Coulter-Nile,1,2,2,2,2,2,2,1,2,2,2,2,0,0,0,2
NT Ellis,0,2,2,2,2,2,2,0,2,2,2,2,1,1,0,2
Navdeep Saini,0,1,1,1,1,1,1,0,1,1,1,1,1,1,1,1
Navdeep Saini,2,1,1,1,1,1,1,0,1,1,1,1,0,0,0,1
OC McCoy,0,2,2,2,2,2,2,0,2,2,2,2,0,0,0,2
OC McCoy,1,2,2,2,2,2,2,0,2,2,2,2,0,0,0,2
OC McCoy,6,1,1,1,1,1,1,0,1,1,1,1,0,0,0,1
OF Smith,0,23,23,23,23,23,23,0,23,23,23,23,3,3,2,23
OF Smith,1,18,18,18,18,18,18,5,18,18,18,18,0,0,0,18
OF Smith,2,3,3,3,3,3,3,1,3,3,3,3,0,0,0,3
OF Smith,4,1,1,1,1,1,1,0,1,1,1,1,0,0,0,1
OF Smith,6,5,5,5,5,5,5,0,5,5,5,5,0,0,0,5
P Simran Singh,0,5,5,5,5,5,5,0,5,5,5,5,1,1,1,5
P Simran Singh,1,2,2,2,2,2,2,0,2,2,2,2,0,0,0,2
P Simran Singh,2,2,2,2,2,2,2,0,2,2,2,2,0,0,0,2
P Simran Singh,4,2,2,2,2,2,2,0,2,2,2,2,0,0,0,2
PBB Rajapaksa,0,42,42,42,42,42,42,0,42,42,42,42,9,9,7,42
PBB Rajapaksa,1,56,56,56,56,56,56,11,56,56,56,56,0,0,0,56
PBB Rajapaksa,2,10,10,10,10,10,10,1,10,10,10,10,0,0,0,10
PBB Rajapaksa,4,16,16,16,16,16,16,0,16,16,16,16,0,0,0,16
PBB Rajapaksa,6,13,13,13,13,13,13,0,13,13,13,13,0,0,0,13
PJ Cummins,0,8,8,8,8,8,8,0,8,8,8,8,4,4,3,8
PJ Cummins,1,3,3,3,3,3,3,0,3,3,3,3,0,0,0,3
PJ Cummins,2,1,1,1,1,1,1,0,1,1,1,1,0,0,0,1
PJ Cummins,3,1,1,1,1,1,1,1,1,1,1,1,0,0,0,1
PJ Cummins,4,5,5,5,5,5,5,0,5,5,5,5,0,0,0,5
PJ Cummins,6,6,6,6,6,6,6,0,6,6,6,6,0,0,0,6
PJ Sangwan,0,3,3,3,3,3,3,0,3,3,3,3,1,1,0,3
PJ Sangwan,1,3,3,3,3,3,3,1,3,3,3,3,0,0,0,3
PK Garg,0,11,11,11,11,11,11,0,11,11,11,11,2,2,1,11
PK Garg,1,12,12,12,12,12,12,0,12,12,12,12,0,0,0,12
PK Garg,2,3,3,3,3,3,3,0,3,3,3,3,0,0,0,3
PK Garg,4,5,5,5,5,5,5,1,5,5,5,5,0,0,0,5
PK Garg,6,2,2,2,2,2,2,0,2,2,2,2,0,0,0,2
PN Mankad,4,1,1,1,1,1,1,0,1,1,1,1,0,0,0,1
PP Shaw,0,73,73,73,73,73,73,0,73,73,73,73,10,10,8,73
PP Shaw,1,59,59,59,59,59,59,7,59,59,59,59,0,0,0,59
PP Shaw,2,11,11,11,11,11,11,1,11,11,11,11,0,0,0,11
PP Shaw,3,1,1,1,1,1,1,0,1,1,1,1,0,0,0,1
PP Shaw,4,38,38,38,38,38,38,1,38,38,38,38,0,0,0,38
PP Shaw,5,1,1,1,1,1,1,1,1,1,1,1,0,0,0,1
PP Shaw,6,10,10,10,10,10,10,0,10,10,10,10,0,0,0,10
PVD Chameera,0,11,11,11,11,11,11,0,11,11,11,11,3,3,1,11
PVD Chameera,1,12,12,12,12,12,12,5,12,12,12,12,0,0,0,12
PVD Chameera,2,3,3,3,3,3,3,0,3,3,3,3,0,0,0,3
PVD Chameera,4,3,3,3,3,3,3,0,3,3,3,3,0,0,0,3
PVD Chameera,6,3,3,3,3,3,3,0,3,3,3,3,0,0,0,3
PWH de Silva,0,24,24,24,24,24,24,0,24,24,24,24,7,7,4,24
PWH de Silva,1,16,16,16,16,16,16,4,16,16,16,16,0,0,0,16
PWH de Silva,2,3,3,3,3,3,3,1,3,3,3,3,0,0,0,3
PWH de Silva,4,4,4,4,4,4,4,0,4,4,4,4,0,0,0,4
PWH de Silva,6,1,1,1,1,1,1,0,1,1,1,1,0,0,0,1
Q de Kock,0,111,111,111,111,111,111,0,111,111,111,111,15,15,13,111
Q de Kock,1,143,143,143,143,143,143,12,143,143,143,143,0,0,0,143
Q de Kock,2,24,24,24,24,24,24,0,24,24,24,24,0,0,0,24
Q de Kock,3,1,1,1,1,1,1,0,1,1,1,1,0,0,0,1
Q de Kock,4,47,47,47,47,47,47,0,47,47,47,47,0,0,0,47
Q de Kock,5,1,1,1,1,1,1,1,1,1,1,1,0,0,0,1
Q de Kock,6,22,22,22,22,22,22,0,22,22,22,22,0,0,0,22
Q de Kock,7,1,1,1,1,1,1,1,1,1,1,1,0,0,0,1
R Ashwin,0,38,38,38,38,38,38,0,38,38,38,38,6,6,5,38
R Ashwin,1,70,70,70,70,70,70,6,70,70,70,70,3,3,2,70
R Ashwin,2,9,9,9,9,9,9,1,9,9,9,9,0,0,0,9
R Ashwin,4,14,14,14,14,14,14,0,14,14,14,14,0,0,0,14
R Ashwin,6,9,9,9,9,9,9,0,9,9,9,9,0,0,0,9
R Dhawan,0,25,25,25,25,25,25,0,25,25,25,25,2,2,1,25
R Dhawan,1,10,10,10,10,10,10,1,10,10,10,10,0,0,0,10
R Dhawan,4,4,4,4,4,4,4,0,4,4,4,4,0,0,0,4
R Dhawan,6,2,2,2,2,2,2,0,2,2,2,2,0,0,0,2
R Parag,0,40,40,40,40,40,40,0,40,40,40,40,10,10,9,40
R Parag,1,64,64,64,64,64,64,7,64,64,64,64,1,1,1,64
R Parag,2,11,11,11,11,11,11,0,11,11,11,11,0,0,0,11
R Parag,4,11,11,11,11,11,11,0,11,11,11,11,0,0,0,11
R Parag,6,10,10,10,10,10,10,0,10,10,10,10,0,0,0,10
R Powell,0,63,63,63,63,63,63,0,63,63,63,63,10,10,7,63
R Powell,1,70,70,70,70,70,70,8,70,70,70,70,1,1,1,70
R Powell,2,8,8,8,8,8,8,0,8,8,8,8,0,0,0,8
R Powell,4,11,11,11,11,11,11,1,11,11,11,11,0,0,0,11
R Powell,6,22,22,22,22,22,22,0,22,22,22,22,0,0,0,22
R Sanjay Yadav,0,2,2,2,2,2,2,0,2,2,2,2,1,1,1,2
R Shepherd,0,16,16,16,16,16,16,0,16,16,16,16,2,2,1,16
R Shepherd,1,15,15,15,15,15,15,5,15,15,15,15,1,1,1,15
R Shepherd,2,5,5,5,5,5,5,0,5,5,5,5,0,0,0,5
R Shepherd,4,2,2,2,2,2,2,0,2,2,2,2,0,0,0,2
R Shepherd,6,5,5,5,5,5,5,0,5,5,5,5,0,0,0,5
R Tewatia,0,47,47,47,47,47,47,0,47,47,47,47,6,6,6,47
R Tewatia,1,69,69,69,69,69,69,10,69,69,69,69,1,1,1,69
R Tewatia,2,8,8,8,8,8,8,0,8,8,8,8,0,0,0,8
R Tewatia,4,23,23,23,23,23,23,1,23,23,23,23,0,0,0,23
R Tewatia,6,9,9,9,9,9,9,0,9,9,9,9,0,0,0,9
RA Bawa,0,7,7,7,7,7,7,0,7,7,7,7,2,2,0,7
RA Bawa,1,5,5,5,5,5,5,0,5,5,5,5,0,0,0,5
RA Bawa,2,1,1,1,1,1,1,0,1,1,1,1,0,0,0,1
RA Bawa,4,1,1,1,1,1,1,0,1,1,1,1,0,0,0,1
RA Jadeja,0,30,30,30,30,30,30,0,30,30,30,30,7,7,6,30
RA Jadeja,1,55,55,55,55,55,55,9,55,55,55,55,1,1,1,55
RA Jadeja,2,9,9,9,9,9,9,1,9,9,9,9,0,0,0,9
RA Jadeja,4,6,6,6,6,6,6,0,6,6,6,6,0,0,0,6
RA Jadeja,6,5,5,5,5,5,5,0,5,5,5,5,0,0,0,5
RA Tripathi,0,83,83,83,83,83,83,0,83,83,83,83,11,11,9,83
RA Tripathi,1,111,111,111,111,111,111,11,111,111,111,111,0,0,0,111
RA Tripathi,2,15,15,15,15,15,15,0,15,15,15,15,0,0,0,15
RA Tripathi,3,1,1,1,1,1,1,0,1,1,1,1,0,0,0,1
RA Tripathi,4,40,40,40,40,40,40,1,40,40,40,40,0,0,0,40
RA Tripathi,5,1,1,1,1,1,1,1,1,1,1,1,0,0,0,1
RA Tripathi,6,20,20,20,20,20,20,0,20,20,20,20,1,1,0,20
RD Chahar,0,35,35,35,35,35,35,0,35,35,35,35,5,5,4,35
RD Chahar,1,21,21,21,21,21,21,2,21,21,21,21,2,2,2,21
RD Chahar,2,3,3,3,3,3,3,0,3,3,3,3,0,0,0,3
RD Chahar,4,7,7,7,7,7,7,0,7,7,7,7,0,0,0,7
RD Chahar,6,4,4,4,4,4,4,0,4,4,4,4,0,0,0,4
RD Gaikwad,0,105,105,105,105,105,105,0,105,105,105,105,14,14,12,105
RD Gaikwad,1,127,127,127,127,127,127,9,127,127,127,127,0,0,0,127
RD Gaikwad,2,18,18,18,18,18,18,3,18,18,18,18,0,0,0,18
RD Gaikwad,3,1,1,1,1,1,1,0,1,1,1,1,0,0,0,1
RD Gaikwad,4,33,33,33,33,33,33,0,33,33,33,33,0,0,0,33
RD Gaikwad,6,14,14,14,14,14,14,0,14,14,14,14,0,0,0,14
RG Sharma,0,112,112,112,112,112,112,0,112,112,112,112,14,14,12,112
RG Sharma,1,69,69,69,69,69,69,14,69,69,69,69,0,0,0,69
RG Sharma,2,10,10,10,10,10,10,0,10,10,10,10,0,0,0,10
RG Sharma,3,1,1,1,1,1,1,0,1,1,1,1,0,0,0,1
RG Sharma,4,27,27,27,27,27,27,0,27,27,27,27,0,0,0,27
RG Sharma,5,2,2,2,2,2,2,2,2,2,2,2,0,0,0,2
RG Sharma,6,13,13,13,13,13,13,0,13,13,13,13,0,0,0,13
RK Singh,0,37,37,37,37,37,37,0,37,37,37,37,5,5,4,37
RK Singh,1,54,54,54,54,54,54,10,54,54,54,54,0,0,0,54
RK Singh,2,10,10,10,10,10,10,0,10,10,10,10,0,0,0,10
RK Singh,4,17,17,17,17,17,17,0,17,17,17,17,0,0,0,17
RK Singh,6,7,7,7,7,7,7,0,7,7,7,7,0,0,0,7
RM Patidar,0,66,66,66,66,66,66,0,66,66,66,66,6,6,5,66
RM Patidar,1,104,104,104,104,104,104,17,104,104,104,104,0,0,0,104
RM Patidar,2,14,14,14,14,14,14,1,14,14,14,14,0,0,0,14
RM Patidar,3,1,1,1,1,1,1,0,1,1,1,1,0,0,0,1
RM Patidar,4,29,29,29,29,29,29,2,29,29,29,29,0,0,0,29
RM Patidar,6,18,18,18,18,18,18,0,18,18,18,18,0,0,0,18
RP Meredith,0,1,1,1,1,1,1,0,1,1,1,1,1,1,1,1
RR Pant,0,75,75,75,75,75,75,0,75,75,75,75,13,13,10,75
RR Pant,1,96,96,96,96,96,96,14,96,96,96,96,0,0,0,96
RR Pant,2,12,12,12,12,12,12,2,12,12,12,12,0,0,0,12
RR Pant,4,35,35,35,35,35,35,0,35,35,35,35,0,0,0,35
RR Pant,6,16,16,16,16,16,16,0,16,16,16,16,0,0,0,16
RV Patel,0,2,2,2,2,2,2,0,2,2,2,2,1,1,1,2
RV Patel,6,1,1,1,1,1,1,0,1,1,1,1,0,0,0,1
RV Uthappa,0,75,75,75,75,75,75,0,75,75,75,75,10,10,7,75
RV Uthappa,1,62,62,62,62,62,62,14,62,62,62,62,1,1,1,62
RV Uthappa,2,8,8,8,8,8,8,0,8,8,8,8,0,0,0,8
RV Uthappa,3,2,2,2,2,2,2,0,2,2,2,2,0,0,0,2
RV Uthappa,4,20,20,20,20,20,20,1,20,20,20,20,0,0,0,20
RV Uthappa,6,14,14,14,14,14,14,0,14,14,14,14,0,0,0,14
Ramandeep Singh,0,12,12,12,12,12,12,0,12,12,12,12,2,2,2,12
Ramandeep Singh,1,21,21,21,21,21,21,5,21,21,21,21,0,0,0,21
Ramandeep Singh,2,4,4,4,4,4,4,0,4,4,4,4,0,0,0,4
Ramandeep Singh,3,1,1,1,1,1,1,0,1,1,1,1,0,0,0,1
Ramandeep Singh,4,3,3,3,3,3,3,0,3,3,3,3,0,0,0,3
Ramandeep Singh,6,1,1,1,1,1,1,0,1,1,1,1,0,0,0,1
Rashid Khan,0,10,10,10,10,10,10,0,10,10,10,10,4,4,3,10
Rashid Khan,1,18,18,18,18,18,18,2,18,18,18,18,0,0,0,18
Rashid Khan,2,3,3,3,3,3,3,0,3,3,3,3,0,0,0,3
Rashid Khan,3,1,1,1,1,1,1,0,1,1,1,1,0,0,0,1
Rashid Khan,4,3,3,3,3,3,3,0,3,3,3,3,0,0,0,3
Rashid Khan,6,9,9,9,9,9,9,0,9,9,9,9,0,0,0,9
Rasikh Salam,0,4,4,4,4,4,4,0,4,4,4,4,1,1,1,4
Rasikh Salam,3,1,1,1,1,1,1,0,1,1,1,1,0,0,0,1
Rasikh Salam,4,1,1,1,1,1,1,0,1,1,1,1,0,0,0,1
Ravi Bishnoi,0,1,1,1,1,1,1,0,1,1,1,1,0,0,0,1
S Dhawan,0,129,129,129,129,129,129,0,129,129,129,129,12,12,9,129
S Dhawan,1,180,180,180,180,180,180,30,180,180,180,180,0,0,0,180
S Dhawan,2,24,24,24,24,24,24,1,24,24,24,24,0,0,0,24
S Dhawan,3,1,1,1,1,1,1,0,1,1,1,1,0,0,0,1
S Dhawan,4,48,48,48,48,48,48,1,48,48,48,48,0,0,0,48
S Dhawan,5,1,1,1,1,1,1,1,1,1,1,1,0,0,0,1
S Dhawan,6,12,12,12,12,12,12,0,12,12,12,12,0,0,0,12
S Dube,0,58,58,58,58,58,58,0,58,58,58,58,9,9,8,58
S Dube,1,80,80,80,80,80,80,9,80,80,80,80,0,0,0,80
S Dube,2,16,16,16,16,16,16,0,16,16,16,16,0,0,0,16
S Dube,3,1,1,1,1,1,1,1,1,1,1,1,0,0,0,1
S Dube,4,23,23,23,23,23,23,1,23,23,23,23,0,0,0,23
S Dube,6,16,16,16,16,16,16,0,16,16,16,16,0,0,0,16
S Gopal,0,4,4,4,4,4,4,0,4,4,4,4,0,0,0,4
S Gopal,1,1,1,1,1,1,1,0,1,1,1,1,0,0,0,1
S Gopal,4,2,2,2,2,2,2,0,2,2,2,2,0,0,0,2
SA Abbott,0,3,3,3,3,3,3,0,3,3,3,3,1,1,1,3
SA Abbott,1,1,1,1,1,1,1,0,1,1,1,1,0,0,0,1
SA Abbott,6,1,1,1,1,1,1,0,1,1,1,1,0,0,0,1
SA Yadav,0,65,65,65,65,65,65,0,65,65,65,65,8,8,8,65
SA Yadav,1,89,89,89,89,89,89,7,89,89,89,89,0,0,0,89
SA Yadav,2,15,15,15,15,15,15,1,15,15,15,15,0,0,0,15
SA Yadav,3,2,2,2,2,2,2,1,2,2,2,2,0,0,0,2
SA Yadav,4,23,23,23,23,23,23,0,23,23,23,23,0,0,0,23
SA Yadav,6,16,16,16,16,16,16,0,16,16,16,16,0,0,0,16
SE Rutherford,0,24,24,24,24,24,24,0,24,24,24,24,2,2,2,24
SE Rutherford,1,24,24,24,24,24,24,3,24,24,24,24,0,0,0,24
SE Rutherford,2,1,1,1,1,1,1,0,1,1,1,1,0,0,0,1
SE Rutherford,4,2,2,2,2,2,2,1,2,2,2,2,0,0,0,2
SE Rutherford,6,1,1,1,1,1,1,0,1,1,1,1,0,0,0,1
SN Khan,0,19,19,19,19,19,19,0,19,19,19,19,3,3,3,19
SN Khan,1,32,32,32,32,32,32,3,32,32,32,32,0,0,0,32
SN Khan,2,7,7,7,7,7,7,0,7,7,7,7,0,0,0,7
SN Khan,4,9,9,9,9,9,9,0,9,9,9,9,0,0,0,9
SN Khan,6,2,2,2,2,2,2,0,2,2,2,2,0,0,0,2
SN Thakur,0,29,29,29,29,29,29,0,29,29,29,29,7,7,6,29
SN Thakur,1,39,39,39,39,39,39,3,39,39,39,39,1,1,1,39
SN Thakur,2,7,7,7,7,7,7,0,7,7,7,7,0,0,0,7
SN Thakur,4,7,7,7,7,7,7,0,7,7,7,7,0,0,0,7
SN Thakur,5,1,1,1,1,1,1,1,1,1,1,1,0,0,0,1
SN Thakur,6,7,7,7,7,7,7,0,7,7,7,7,0,0,0,7
SO Hetmyer,0,68,68,68,68,68,68,0,68,68,68,68,7,7,5,68
SO Hetmyer,1,95,95,95,95,95,95,20,95,95,95,95,0,0,0,95
SO Hetmyer,2,13,13,13,13,13,13,0,13,13,13,13,0,0,0,13
SO Hetmyer,3,1,1,1,1,1,1,0,1,1,1,1,0,0,0,1
SO Hetmyer,4,22,22,22,22,22,22,1,22,22,22,22,0,0,0,22
SO Hetmyer,5,1,1,1,1,1,1,1,1,1,1,1,0,0,0,1
SO Hetmyer,6,21,21,21,21,21,21,0,21,21,21,21,0,0,0,21
SP Jackson,0,10,10,10,10,10,10,0,10,10,10,10,4,4,3,10
SP Jackson,1,13,13,13,13,13,13,0,13,13,13,13,0,0,0,13
SP Jackson,2,2,2,2,2,2,2,0,2,2,2,2,0,0,0,2
SP Jackson,6,1,1,1,1,1,1,0,1,1,1,1,0,0,0,1
SP Narine,0,18,18,18,18,18,18,0,18,18,18,18,7,7,5,18
SP Narine,1,9,9,9,9,9,9,0,9,9,9,9,0,0,0,9
SP Narine,2,1,1,1,1,1,1,0,1,1,1,1,0,0,0,1
SP Narine,4,6,6,6,6,6,6,0,6,6,6,6,0,0,0,6
SP Narine,6,6,6,6,6,6,6,0,6,6,6,6,0,0,0,6
SS Iyer,0,98,98,98,98,98,98,0,98,98,98,98,13,13,11,98
SS Iyer,1,133,133,133,133,133,133,15,133,133,133,133,0,0,0,133
SS Iyer,2,24,24,24,24,24,24,2,24,24,24,24,0,0,0,24
SS Iyer,3,3,3,3,3,3,3,0,3,3,3,3,0,0,0,3
SS Iyer,4,41,41,41,41,41,41,0,41,41,41,41,0,0,0,41
SS Iyer,6,11,11,11,11,11,11,0,11,11,11,11,0,0,0,11
SS Prabhudessai,0,26,26,26,26,26,26,0,26,26,26,26,5,5,4,26
SS Prabhudessai,1,24,24,24,24,24,24,5,24,24,24,24,0,0,0,24
SS Prabhudessai,2,1,1,1,1,1,1,0,1,1,1,1,0,0,0,1
SS Prabhudessai,3,2,2,2,2,2,2,0,2,2,2,2,0,0,0,2
SS Prabhudessai,4,7,7,7,7,7,7,0,7,7,7,7,0,0,0,7
SS Prabhudessai,6,2,2,2,2,2,2,0,2,2,2,2,0,0,0,2
SV Samson,0,124,124,124,124,124,124,0,124,124,124,124,16,16,12,124
SV Samson,1,111,111,111,111,111,111,12,111,111,111,111,0,0,0,111
SV Samson,2,14,14,14,14,14,14,0,14,14,14,14,0,0,0,14
SV Samson,3,1,1,1,1,1,1,0,1,1,1,1,0,0,0,1
SV Samson,4,45,45,45,45,45,45,2,45,45,45,45,0,0,0,45
SV Samson,6,26,26,26,26,26,26,0,26,26,26,26,0,0,0,26
SW Billings,0,52,52,52,52,52,52,0,52,52,52,52,7,7,7,52
SW Billings,1,62,62,62,62,62,62,9,62,62,62,62,0,0,0,62
SW Billings,2,10,10,10,10,10,10,0,10,10,10,10,0,0,0,10
SW Billings,4,9,9,9,9,9,9,0,9,9,9,9,0,0,0,9
SW Billings,6,9,9,9,9,9,9,0,9,9,9,9,0,0,0,9
SW Billings,7,1,1,1,1,1,1,1,1,1,1,1,0,0,0,1
Shahbaz Ahmed,0,63,63,63,63,63,63,0,63,63,63,63,8,8,5,63
Shahbaz Ahmed,1,90,90,90,90,90,90,19,90,90,90,90,0,0,0,90
Shahbaz Ahmed,2,19,19,19,19,19,19,2,19,19,19,19,0,0,0,19
Shahbaz Ahmed,3,1,1,1,1,1,1,0,1,1,1,1,0,0,0,1
Shahbaz Ahmed,4,14,14,14,14,14,14,0,14,14,14,14,0,0,0,14
Shahbaz Ahmed,5,1,1,1,1,1,1,1,1,1,1,1,0,0,0,1
Shahbaz Ahmed,6,9,9,9,9,9,9,0,9,9,9,9,0,0,0,9
Shashank Singh,0,17,17,17,17,17,17,0,17,17,17,17,4,4,4,17
Shashank Singh,1,16,16,16,16,16,16,1,16,16,16,16,0,0,0,16
Shashank Singh,2,5,5,5,5,5,5,0,5,5,5,5,0,0,0,5
Shashank Singh,4,5,5,5,5,5,5,0,5,5,5,5,0,0,0,5
Shashank Singh,6,4,4,4,4,4,4,0,4,4,4,4,0,0,0,4
Shivam Mavi,0,4,4,4,4,4,4,0,4,4,4,4,2,2,1,4
Shivam Mavi,1,4,4,4,4,4,4,1,4,4,4,4,0,0,0,4
Shubman Gill,0,113,113,113,113,113,113,0,113,113,113,113,14,14,11,113
Shubman Gill,1,169,169,169,169,169,169,10,169,169,169,169,1,1,1,169
Shubman Gill,2,28,28,28,28,28,28,1,28,28,28,28,0,0,0,28
Shubman Gill,4,51,51,51,51,51,51,1,51,51,51,51,0,0,0,51
Shubman Gill,5,2,2,2,2,2,2,2,2,2,2,2,0,0,0,2
Shubman Gill,6,11,11,11,11,11,11,0,11,11,11,11,0,0,0,11
Simarjeet Singh,0,3,3,3,3,3,3,0,3,3,3,3,1,1,0,3
Simarjeet Singh,1,3,3,3,3,3,3,0,3,3,3,3,0,0,0,3
Simarjeet Singh,2,2,2,2,2,2,2,0,2,2,2,2,0,0,0,2
T Stubbs,0,2,2,2,2,2,2,0,2,2,2,2,1,1,0,2
T Stubbs,1,2,2,2,2,2,2,0,2,2,2,2,0,0,0,2
TA Boult,0,6,6,6,6,6,6,0,6,6,6,6,2,2,2,6
TA Boult,1,15,15,15,15,15,15,1,15,15,15,15,0,0,0,15
TA Boult,2,6,6,6,6,6,6,0,6,6,6,6,0,0,0,6
TA Boult,4,2,2,2,2,2,2,0,2,2,2,2,0,0,0,2
TA Boult,6,1,1,1,1,1,1,0,1,1,1,1,0,0,0,1
TG Southee,0,10,10,10,10,10,10,0,10,10,10,10,4,4,3,10
TG Southee,1,2,2,2,2,2,2,0,2,2,2,2,0,0,0,2
TH David,0,22,22,22,22,22,22,0,22,22,22,22,6,6,5,22
TH David,1,35,35,35,35,35,35,5,35,35,35,35,0,0,0,35
TH David,2,6,6,6,6,6,6,0,6,6,6,6,0,0,0,6
TH David,4,12,12,12,12,12,12,0,12,12,12,12,0,0,0,12
TH David,6,16,16,16,16,16,16,0,16,16,16,16,0,0,0,16
TL Seifert,0,10,10,10,10,10,10,0,10,10,10,10,2,2,1,10
TL Seifert,1,5,5,5,5,5,5,2,5,5,5,5,0,0,0,5
TL Seifert,2,1,1,1,1,1,1,0,1,1,1,1,0,0,0,1
TL Seifert,3,1,1,1,1,1,1,0,1,1,1,1,0,0,0,1
TL Seifert,4,4,4,4,4,4,4,0,4,4,4,4,0,0,0,4
TS Mills,0,3,3,3,3,3,3,0,3,3,3,3,1,1,1,3
Tilak Varma,0,87,87,87,87,87,87,0,87,87,87,87,9,9,7,87
Tilak Varma,1,160,160,160,160,160,160,16,160,160,160,160,1,1,1,160
Tilak Varma,2,19,19,19,19,19,19,0,19,19,19,19,0,0,0,19
Tilak Varma,3,1,1,1,1,1,1,0,1,1,1,1,0,0,0,1
Tilak Varma,4,29,29,29,29,29,29,0,29,29,29,29,0,0,0,29
Tilak Varma,5,1,1,1,1,1,1,1,1,1,1,1,0,0,0,1
Tilak Varma,6,16,16,16,16,16,16,0,16,16,16,16,0,0,0,16
UT Yadav,0,18,18,18,18,18,18,0,18,18,18,18,4,4,0,18
UT Yadav,1,13,13,13,13,13,13,2,13,13,13,13,0,0,0,13
UT Yadav,2,2,2,2,2,2,2,0,2,2,2,2,0,0,0,2
UT Yadav,4,4,4,4,4,4,4,0,4,4,4,4,0,0,0,4
UT Yadav,6,4,4,4,4,4,4,0,4,4,4,4,0,0,0,4
Umran Malik,0,4,4,4,4,4,4,0,4,4,4,4,1,1,0,4
Umran Malik,1,3,3,3,3,3,3,1,3,3,3,3,0,0,0,3
Umran Malik,2,1,1,1,1,1,1,0,1,1,1,1,0,0,0,1
V Kohli,0,113,113,113,113,113,113,0,113,113,113,113,15,15,12,113
V Kohli,1,129,129,129,129,129,129,12,129,129,129,129,1,1,1,129
V Kohli,2,18,18,18,18,18,18,0,18,18,18,18,0,0,0,18
V Kohli,3,4,4,4,4,4,4,0,4,4,4,4,0,0,0,4
V Kohli,4,33,33,33,33,33,33,1,33,33,33,33,0,0,0,33
V Kohli,5,1,1,1,1,1,1,1,1,1,1,1,0,0,0,1
V Kohli,6,8,8,8,8,8,8,0,8,8,8,8,0,0,0,8
V Shankar,0,19,19,19,19,19,19,0,19,19,19,19,4,4,2,19
V Shankar,1,14,14,14,14,14,14,3,14,14,14,14,0,0,0,14
V Shankar,2,2,2,2,2,2,2,0,2,2,2,2,0,0,0,2
V Shankar,4,1,1,1,1,1,1,0,1,1,1,1,0,0,0,1
VG Arora,0,8,8,8,8,8,8,0,8,8,8,8,2,2,0,8
VG Arora,1,6,6,6,6,6,6,1,6,6,6,6,0,0,0,6
VR Iyer,0,79,79,79,79,79,79,0,79,79,79,79,11,11,8,79
VR Iyer,1,58,58,58,58,58,58,10,58,58,58,58,0,0,0,58
VR Iyer,2,13,13,13,13,13,13,1,13,13,13,13,0,0,0,13
VR Iyer,4,17,17,17,17,17,17,0,17,17,17,17,0,0,0,17
VR Iyer,5,1,1,1,1,1,1,1,1,1,1,1,0,0,0,1
VR Iyer,6,7,7,7,7,7,7,0,7,7,7,7,0,0,0,7
WP Saha,0,100,100,100,100,100,100,0,100,100,100,100,9,9,7,100
WP Saha,1,109,109,109,109,109,109,10,109,109,109,109,0,0,0,109
WP Saha,2,8,8,8,8,8,8,0,8,8,8,8,0,0,0,8
WP Saha,4,42,42,42,42,42,42,2,42,42,42,42,0,0,0,42
WP Saha,6,7,7,7,7,7,7,0,7,7,7,7,0,0,0,7
Washington Sundar,0,20,20,20,20,20,20,0,20,20,20,20,7,7,5,20
Washington Sundar,1,34,34,34,34,34,34,7,34,34,34,34,0,0,0,34
Washington Sundar,2,7,7,7,7,7,7,0,7,7,7,7,0,0,0,7
Washington Sundar,3,2,2,2,2,2,2,0,2,2,2,2,0,0,0,2
Washington Sundar,4,9,9,9,9,9,9,0,9,9,9,9,0,0,0,9
Washington Sundar,5,1,1,1,1,1,1,1,1,1,1,1,0,0,0,1
Washington Sundar,6,3,3,3,3,3,3,0,3,3,3,3,0,0,0,3
YBK Jaiswal,0,77,77,77,77,77,77,0,77,77,77,77,10,10,8,77
YBK Jaiswal,1,71,71,71,71,71,71,7,71,71,71,71,0,0,0,71
YBK Jaiswal,2,10,10,10,10,10,10,1,10,10,10,10,0,0,0,10
YBK Jaiswal,3,1,1,1,1,1,1,0,1,1,1,1,0,0,0,1
YBK Jaiswal,4,27,27,27,27,27,27,0,27,27,27,27,0,0,0,27
YBK Jaiswal,5,2,2,2,2,2,2,2,2,2,2,2,0,0,0,2
YBK Jaiswal,6,10,10,10,10,10,10,0,10,10,10,10,0,0,0,10
YS Chahal,0,4,4,4,4,4,4,0,4,4,4,4,1,1,1,4
YS Chahal,1,3,3,3,3,3,3,0,3,3,3,3,0,0,0,3
YS Chahal,2,1,1,1,1,1,1,0,1,1,1,1,0,0,0,1
Yash Dayal,0,1,1,1,1,1,1,0,1,1,1,1,1,1,0,1
